;Publication Type;Authors;Book Authors;Group Authors;Book Group Authors;Researcher Ids;ORCIDs;Book Editors;Author - Arabic;Grant Principal Investigator;Grant Co Principal Investigator;Article Title;Article Title - SciELO;Article Title - SciELO.1;Article Title - Chinese;Article Title - Russian;Patent Number;Patent Assignee;Source Title - Arabic;Source Title;Source Title - Korean;Book Series Title;Book Series Subtitle;Volume;Issue;Special Issue;Meeting Abstract;Start Page;End Page;Article Number;Version;Version History;DOI;Book DOI;License Name;License URI;License Description;Early Access Date;Supplement;Document Type;Publication Date;Publication Year;Abstract;Abstract - Foreign;Abstract - English Transliteration;Abstract - Foreign.1;Abstract - Korean;Conference Title;Conference Date;Conference Sponsor;Conference Location;Times Cited, WoS Core;Times Cited, CSCD;Times Cited, RSCI;Times Cited, ARCI;Times Cited, BCI;Times Cited, SCIELO;Times Cited, All Databases;180 Day Usage Count;Since 2013 Usage Count;ISSN;eISSN;ISBN;Grant Number;No of References;Cited References;Language;Advisor;Committee Member;Copyright;Degree Name;Institution Address;Institution;Dissertation and Thesis Subjects;Author Keywords;Indexed Date;UT (Unique ID);Pubmed Id;Unnamed: 78
0;J;Shakya S. K., Goss E. M., Dufault N. S., van Bruggen A. H. C.;;;;Goss, Erica/H-7020-2014 Narouei-Khandan, Hossein/ABD-8745-2021;Shakya, Shankar/0000-0002-8439-9009 Goss, Erica/0000-0003-3512-2107;;;;;Potential Effects of Diurnal Temperature Oscillations on Potato Late Blight with Special Reference to Climate Change;;;;;;;;PHYTOPATHOLOGY;;;;105.0;2.0;;;230;238;;;;10.1094/PHYTO-05-14-0132-R;;;;;;;Article;FEB 2015;2015;Global climate change will have effects on diurnal temperature oscillations as well as on average temperatures. Studies on potato late blight (Phytophthora infestans) development have not considered daily temperature oscillations. We hypothesize that growth and development rates of P. infestans would be less influenced by change in average temperature as the magnitude of fluctuations in daily temperatures increases. We investigated the effects of seven constant (10, 12, 15, 17, 20, 23, and 27 degrees C) and diurnally oscillating (+/- 5 and +/- 10 degrees C) temperatures around the same means on number of lesions, incubation period, latent period, radial lesion growth rate, and sporulation intensity on detached potato leaves inoculated with two P. infestans isolates from clonal lineages US-8 and US-23. A four-parameter thermodynamic model was used to describe relationships between temperature and disease development measurements. Incubation and latency progression accelerated with increasing oscillations at low mean temperatures but slowed down with increasing oscillations at high mean temperatures (P < 0.005), as hypothesized. Infection efficiency, lesion growth rate, and sporulation increased under small temperature oscillations compared with constant temperatures but decreased when temperature oscillations were large. Thus, diurnal amplitude in temperature should be considered in models of potato late blight, particularly when predicting effects of global climate change on disease development.;;;;;;;;;31;0;0;0;25;2;34;0;61;0031-949X;1943-7684;;;;;;;;;;;;;;2015-02-01;WOS:000347954500008;25140388.0;
1;J;Oro Violeta, Knezevic Magdalena, Dinic Zoran, Delic Dusica;;;;Oro, Violeta/AFR-4889-2022 Knežević, Magdalena/GXH-8542-2022 Dinic, Zoran/S-7216-2016;Knezevic, Magdalena/0000-0003-0186-3652 Delic, Dusica/0000-0002-0626-0482 Dinic, Zoran/0000-0003-4109-4106;;;;;Bacterial Microbiota Isolated from Cysts of Globodera rostochiensis (Nematoda: Heteroderidae);;;;;;;;PLANTS-BASEL;;;;9.0;9.0;;;;;1146;;;10.3390/plants9091146;;;;;;;Article;SEP 2020;2020;The potato cyst nematode (PCN) Globodera rostochiensis is a plant parasite of potato classified into a group of quarantine organisms causing high economic losses worldwide. Due to the long persistence of the parasite in soil, cysts harbor numerous bacteria whose presence can lead to cyst death and population decline. The cysts of G. rostochiensis found in two potato fields were used as a source of bacteria. The universal procedure was applied to extract DNA from bacteria which was then sequenced with 16S primers. The aims of the study were to identify bacterial microbiota associated with the PCN populations and to infer their phylogenetic relationships based on the maximum likelihood and Bayesian phylogeny of the 16S sequences. In addition, the impact of the most significant climate and edaphic factors on bacterial diversity were evaluated. Regarding the higher taxonomy, our results indicate that the prevalent bacterial classes were Bacilli, Actinobacteria and Alphaproteobacteria. Phylogenetic analyses clustered Brevibacterium frigoritolerans within the family Bacillaceae, confirming its recent reclassification. Long-term climate factors, such as air temperature, insolation hours, humidity and precipitation, as well as the content of soil organic matter, affected the bacterial diversity. The ability of cyst nematodes to persist in soil for a long time qualifies them as a significant natural source to explore the soil bacterial microbiota.;;;;;;;;;10;0;0;0;7;0;11;0;7;2223-7747;;;;;;;;;;;;;;;2020-11-05;WOS:000581378800001;32899615.0;
2;J;Narouei-Khandan Hossein A., Shakya Shankar K., Garrett Karen A., Goss Erica M., Dufault Nicholas S., Andrade-Piedra Jorge L., Asseng Senthold, Wallach Daniel, van Bruggen Ariena H. C.;;;;Goss, Erica/H-7020-2014 Narouei-Khandan, Hossein/I-3295-2019 Asseng, Senthold/Y-6014-2019;Asseng, Senthold/0000-0002-7583-3811 Goss, Erica/0000-0003-3512-2107 Narouei-Khandan, Hossein Ali/0000-0002-4218-5934 Garrett, Karen/0000-0002-6578-1616 Andrade-Piedra, Jorge/0000-0001-7617-0506 Shakya, Shankar/0000-0002-8439-9009;;;;;BLIGHTSIM: A New Potato Late Blight Model Simulating the Response of Phytophthora infestans to Diurnal Temperature and Humidity Fluctuations in Relation to Climate Change;;;;;;;;PATHOGENS;;;;9.0;8.0;;;;;659;;;10.3390/pathogens9080659;;;;;;;Article;AUG 2020;2020;Temperature response curves under diurnal oscillating temperatures differ from those under constant conditions for all stages of thePhytophthora infestansinfection cycle on potatoes. We developed a mechanistic model (BLIGHTSIM) with an hourly time step to simulate late blight under fluctuating environmental conditions and predict late blight epidemics in potato fields. BLIGHTSIM is a modified susceptible (S), latent (L), infectious (I) and removed (R) compartmental model with hourly temperature and relative humidity as driving variables. The model was calibrated with growth chamber data covering one infection cycle and validated with field data from Ecuador. The model provided a good fit to all data sets evaluated. There was a significant interaction between average temperature and amplitude in their effects on the area under the disease progress curve (AUDPC) as predicted from growth chamber data on a single infection cycle. BLIGHTSIM can be incorporated in a potato growth model to study effects of diurnal temperature range on late blight impact under climate change scenarios.;;;;;;;;;17;1;0;0;14;0;17;4;31;;2076-0817;;;;;;;;;;;;;;2020-09-15;WOS:000564641200001;32824250.0;
3;J;Sparks Adam H., Forbes Gregory A., Hijmans Robert J., Garrett Karen A.;;;;Hijmans, Robert/N-3299-2016 Sparks, Adam H./D-3607-2011;Sparks, Adam H./0000-0002-0061-8359 Garrett, Karen/0000-0002-6578-1616 Hijmans, Robert/0000-0001-5872-2872;;;;;Climate change may have limited effect on global risk of potato late blight;;;;;;;;GLOBAL CHANGE BIOLOGY;;;;20.0;12.0;;;3621;3631;;;;10.1111/gcb.12587;;;;;;;Article;DEC 2014;2014;Weather affects the severity of many plant diseases, and climate change is likely to alter the patterns of crop disease severity. Evaluating possible future patterns can help focus crop breeding and disease management research. We examined the global effect of climate change on potato late blight, the disease that caused the Irish potato famine and still is a common potato disease around the world. We used a metamodel and considered three global climate models for the A2 greenhouse gas emission scenario for three 20-year time-slices: 2000-2019, 2040-2059 and 2080-2099. In addition to global analyses, five regions were evaluated where potato is an important crop: the Andean Highlands, Indo-Gangetic Plain and Himalayan Highlands, Southeast Asian Highlands, Ethiopian Highlands, and Lake Kivu Highlands in Sub-Saharan Africa. We found that the average global risk of potato late blight increases initially, when compared with historic climate data, and then declines as planting dates shift to cooler seasons. Risk in the agro-ecosystems analyzed, varied from a large increase in risk in the Lake Kivu Highlands in Rwanda to decreases in the Southeast Asian Highlands of Indonesia.;;;;;;;;;64;2;0;0;44;3;71;3;134;1354-1013;1365-2486;;;;;;;;;;;;;;2014-12-01;WOS:000344375700007;24687916.0;
4;J;Gent DH, Schwartz HF;;;;;;;;;;Validation of potato early blight disease forecast models for Colorado using various sources of meteorological data;;;;;;;;PLANT DISEASE;;;;87.0;1.0;;;78;84;;;;10.1094/PDIS.2003.87.1.78;;;;;;;Article;JAN 2003;2003;Disease forecasts from regional or remotely sensed meteorological data free growers from infield weather data monitoring and may improve disease forecast implementation. This study was initiated to validate potato early blight forecast models in Colorado and to determine the influence of sources of meteorological data on forecast accuracy. Hourly temperatures were recorded by Campbell Scientific CR-10, Pessl Instruments muMetos Model MCR300, and Spectrum Technologies Model 450 WatchDog weather stations and data loggers within potato fields field-specific temperature estimations generated by mPOWER3/EMERGE from off-site weather stations, and regional COAGMET CR-10 weather stations. Mean hourly temperature deviations between mPOWER3/EMERGE or in-field stations and COAGMET varied from 0.93degreesC greater to 1.11degreesC less than COAGMET observations. Initial appearance of early blight lesions was predicted using a 300 physiological day threshold in commercial fields in each year from 1998 to 2001 and in experimental plots in each year from 1997 to 2001 as determined by COAGMET meteorological observations. All sources of meteorological data generated early blight forecasts within 6 days of each other across all locations and years. COAGMET weather stations should free potato growers and integrated pest management personnel from collecting in-field microclimatic data and speed the implementation of disease forecasting.;;;;;;;;;17;0;0;0;10;1;20;0;15;0191-2917;;;;;;;;;;;;;;;2003-01-01;WOS:000180215200014;30812705.0;
5;J;Meno Laura, Escuredo Olga, Rodriguez-Flores Maria Shantal, Seijo Maria Carmen;;;;Escuredo, Olga/ABH-5428-2020 Meno, Laura/ACS-9089-2022 Maria Carmen, Seijo-Coello/L-1946-2014;Maria Carmen, Seijo-Coello/0000-0001-8289-6717 Rodriguez-Flores, Maria Shantal/0000-0002-2387-630X Meno Farinas, Laura/0000-0002-5774-1470 Escuredo, Olga/0000-0001-6156-9274;;;;;Modification of the TOMCAST Model with Aerobiological Data for Management of Potato Early Blight;;;;;;;;AGRONOMY-BASEL;;;;10.0;12.0;;;;;1872;;;10.3390/agronomy10121872;;;;;;;Article;DEC 2020;2020;The present study focuses on establishing thresholds of weather variables for predict early blight in potato crops. For this, the TOMCAST model was adjusted using weather variables and Alternaria conidia levels (mainly A. solani and A. alternata) during six growing seasons in A Limia (Northwest Spain). TOMCAST for the effective management of early blight considers leaf wetness and air temperature to calculate daily severity values (DSVs). Spearman correlations between temperature (minimum and average), mean temperature during leaf wetness period and Alternaria concentration showed the highest positive significant coefficients (0.386, 0.230 and 0.372, respectively p < 0.01). Specifically, Alternaria levels higher than 50 spores/m(3) were found the days with air mean temperature above 18 degrees C, more than 7 h of leaf wetness. Leaf wetness was decisive to estimate the concentration of Alternaria, resulting in a significant linear regression model (R-2 = 0.41 p < 0.001). TOMCAST was adapted to the area, considering 10 degrees C the minimum threshold for the mean value of temperature during the wet period and 10-15 accumulated disease severity values (DSV). Using TOMCAST, it was possible to predict the first Alternaria peak in most of potato growing seasons. Combining aerobiological and meteorological data to control fungal diseases during crops are a useful tool for sustainable agriculture.;;;;;;;;;12;0;0;0;5;0;13;0;3;;2073-4395;;;;;;;;;;;;;;2021-01-12;WOS:000601877200001;;
6;J;Skelsey Peter, Rossing Walter A. H., Kessel Geert J. T., van der Werf Wopke;;;;Skelsey, Peter/L-7786-2013 van der Werf, Wopke/A-2557-2009;Skelsey, Peter/0000-0002-7316-1951 van der Werf, Wopke/0000-0002-5506-4699;;;;;Invasion of Phytophthora infestans at the Landscape Level: How Do Spatial Scale and Weather Modulate the Consequences of Spatial Heterogeneity in Host Resistance?;;;;;;;;PHYTOPATHOLOGY;;;;100.0;11.0;;;1146;1161;;;;10.1094/PHYTO-06-09-0148;;;;;;;Article;NOV 2010;2010;Strategic spatial patterning of crop species and cultivars could make agricultural landscapes less vulnerable to plant disease epidemics, but experimentation to explore effective disease-suppressive landscape designs is problematic. Here, we present a realistic, multiscale, spatio-temporal, integrodifference equation model of potato late blight epidemics to determine the relationship between spatial heterogeneity and disease spread, and determine the effectiveness of mixing resistant and susceptible cultivars at different spatial scales under the influence of weather. The model framework comprised a landscape generator, a potato late blight model that includes host and pathogen life cycles and fungicide management at the field scale, and an atmospheric dispersion model that calculates spore dispersal at the landscape scale. Landscapes consisted of one or two distinct potato-growing regions (6.4-by-6.4-km) embedded within a nonhost matrix. The characteristics of fields and growing regions and the separation distance between two growing regions were investigated for their effects on disease incidence, measured as the proportion of fields with >= 1% severity, after inoculation of a single potato grid cell with a low initial level of disease. The most effective spatial strategies for suppressing disease spread in a region were those that reduced the acreage of potato or increased the proportion of a resistant potato cultivar. Clustering potato cultivation in some parts of a region, either by planting in large fields or clustering small fields, enhanced the spread within such a cluster while it delayed spread from one cluster to another however, the net effect of clustering was an increase in disease at the landscape scale. The planting of mixtures of a resistant and susceptible cultivar was a consistently effective option for creating potato-growing regions that suppressed disease spread. It was more effective to mix susceptible and resistant cultivars within fields than plant some fields entirely with a susceptible cultivar and other fields with a resistant cultivar, at the same ratio of susceptible to resistant potato plants at the landscape level. Separation distances of at least 16 km were needed to completely prevent epidemic spread from one potato-growing region to another. Effects of spatial placement of resistant and susceptible potato cultivars depended strongly on meteorological conditions, indicating that landscape connectivity for the spread of plant disease depends on the particular coincidence between direction of spread, location of fields, distance between the fields, and survival of the spores depending on the weather. Therefore, in the simulation of (airborne) pathogen invasions, it is important to consider the large variability of atmospheric dispersion conditions.;;;;;;;;;70;0;1;0;63;3;74;1;62;0031-949X;1943-7684;;;;;;;;;;;;;;2010-11-01;WOS:000283390700003;20932163.0;
7;J;Escuredo Olga, Seijo-Rodriguez Ana, Meno Laura, Shantal Rodriguez-Flores Maria, Carmen Seijo Maria;;;;Escuredo, Olga/ABH-5428-2020 Meno, Laura/ACS-9089-2022 Maria Carmen, Seijo-Coello/L-1946-2014;Maria Carmen, Seijo-Coello/0000-0001-8289-6717 Rodriguez-Flores, Maria Shantal/0000-0002-2387-630X Meno Farinas, Laura/0000-0002-5774-1470 Escuredo, Olga/0000-0001-6156-9274;;;;;Seasonal Dynamics of Alternaria during the Potato Growing Cycle and the Influence of Weather on the Early Blight Disease in North-West Spain;;;;;;;;AMERICAN JOURNAL OF POTATO RESEARCH;;;;96.0;6.0;;;532;540;;;;10.1007/s12230-019-09739-2;;;;;NOV 2019;;Article;DEC 2019;2019;Early blight caused mainly by Alternaria solani Soraeur and Alternaria alternata (Fr.) Keissl is one of the main diseases of potato. To improve forecasting of disease risk and to provide useful tools for a good decision support system, knowledge about the influence of environmental conditions on the Alternaria species, is necessary. The pattern distribution of the Alternaria spores during eight potato growing cycles in A Limia (north-west Spain), and the relationships between Alternaria levels and meteorological parameters were analyzed. Also, the phenology of the potato plants and the meteorological conditions during the study were monitored. Higher Alternaria peaks were found during plant senescence. Nevertheless, extremely high levels can appear starting the plant flowering, when the disease is more destructive. Statistical analysis showed a close relationship between temperature and relative humidity with the concentration of Alternaria in the air. Higher Alternaria levels were observed with a mean temperature above 20 degrees C and a mean relative humidity below 70%. It is also important to highlight that lower temperature and higher relative humidity during the night, favours the formation of Alternaria spores during the day. The present study showed how differences in weather can be related with the presence of Alternaria spores in the atmosphere of potato crop, and how climate change could affect the development of this agricultural crop. If Spain continues to experience increases in temperature events, longer duration and increasing intensity of early blight epidemics in potato crops are expected in future years.;;;;;;;;;17;0;0;0;6;0;17;1;23;1099-209X;1874-9380;;;;;;;;;;;;;;2019-11-30;WOS:000499570300003;;
8;J;Moh A. A., Massart S., Jijakli M. H., Lepoivre P.;;;;;;;;;;MODELS TO PREDICT THE COMBINED EFFECTS OF TEMPERATURE AND RELATIVE HUMIDITY ON PECTOBACTERIUM ATROSEPTICUM AND PECTOBACTERIUM CAROTOVORUM subsp CAROTOVORUM POPULATION DENSITY AND SOFT ROT DISEASE DEVELOPMENT AT THE SURFACE OF WOUNDED POTATO TUBERS;;;;;;;;JOURNAL OF PLANT PATHOLOGY;;;;94.0;1.0;;;181;191;;;;;;;;;;;Article;MAR 2012;2012;The main objectives of this study were to evaluate and model the influence of temperature (10, 15 and 20 C), relative humidity (86, 96 and 100%) and initial concentration of bacterial inoculum (10(5), 10(7) et 10(9) CFU ml(-1)) on the population density of Pectobacterium atrosepticum (Pba) and Pectobacterium carotovorum subsp. carotovorum (Pcc) which are important potato pathogens in temperate climates, and on the development of soft rot symptoms caused by these bacteria at the surface of wounded potatoes tubers under controlled conditions. Experiments were carried out according to a Box-Behnken experimental design, simplifying prediction of the combined effects of three controlled factors. With both bacterial species, statistical analysis showed a significant effect of temperature, relative humidity and initially applied bacterial concentration on population dynamics and soft rot development at the surface of wounded potato tubers. Multiple regression analyses and the contour plots showed that the temperature is the most important factor, followed by the initially applied bacteria concentration and relative humidity. More than 64% of the variability of the soft rot symptoms observed could be explained by the presence of Pba and Pcc at the level of wounded potato tubers under the combined effect of tested factors. The quadratic polynomial models developed in our research should integrate the heterogeneity of tested bacteria belonging to the same species (which was not evaluated in this preliminary investigation) in further research.;;;;;;;;;6;3;0;0;4;1;11;0;26;1125-4653;2239-7264;;;;;;;;;;;;;;2012-04-25;WOS:000302375300018;;
9;J;Johnson Dennis A, Alldredge J Richard, Hamm Philip B;;;;;;;;;;Expansion of Potato Late Blight Forecasting Models for the Columbia Basin of Washington and Oregon.;;;;;;;;Plant disease;;;;82.0;6.0;;;642;645;;;;10.1094/PDIS.1998.82.6.642;;;;;;;Journal Article;1998-Jun;1998;A regional potato late blight forecasting system for irrigated potatoes in the semiarid environment of the Columbia Basin was expanded by developing specific forecasting models for four vicinities throughout the Basin. Relationships between weather and outbreaks of late blight at the locations over a 27-year period were examined using logistic regression analysis. The response variable was a year either with or without a late blight outbreak. An indicator variable representing the occurrence of an outbreak during the preceding year (Yp) and number of days of rain during April and May (Ram) correctly classified the disease status (presence or absence of late blight) of 89, 82, 78, and 78% of the years at Prosser, Washington, Hermiston, Oregon, and Hanford and Othello, Washington, respectively. The percentage of years with disease outbreaks correctly classified was 93, 85, 79, and 79% at the four respective locations. All years with late blight outbreaks and 96% of the total years were correctly classified using data from at least one of the four locations. These predictors are particularly important early in the growing season and can be used to make area forecasts. A second set of predictors, Yp and number of days of rain in July and August (Rja), for Hermiston and Hanford, and a third set, Yp, Ram, and Rja, for Prosser and Othello were found effective for making additional late blight forecasts later in the growing season.;;;;;;;;;24;0;0;0;14;1;27;1;13;0191-2917;;;;;;;;;;;;;;;1998-06-01;MEDLINE:30857014;30857014.0;
10;J;Singh B. P., Govindakrishnan P. M., Ahmad Islam, Rawat Shashi, Sharma Sanjeev, Sreekumar J.;;;;Sharma, Sanjeev/H-8147-2013 Sreekumar, Janardanan/ABB-2880-2020;Janardanan Nair, Sreekumar/0000-0002-4253-6378 Sharma, Sanjeev Kumar/0000-0002-3273-0708 Sharma, Sanjeev/0000-0002-1883-3284;;;;;INDO-BLIGHTCAST - a model for forecasting late blight across agroecologies;;;;;;;;INTERNATIONAL JOURNAL OF PEST MANAGEMENT;;;;62.0;4.0;;;360;367;;;;10.1080/09670874.2016.1210839;;;;;;;Article;OCT-DEC 2016;2016;A late blight forecasting model INDO-BLIGHTCAST has been developed at the Central Potato Research Institute, Shimla, India using meteorological data and late blight appearance dates at four locations in the Indo-Gangetic plains. The model involves computation of physiological days (P-days) and mean relative humidity (RH) of the night, accrued over seven consecutive days. Late blight was predicted to appear within 15days if moving cumulative effective temperature (P-days) and RH exceeded 52.5 and 525, respectively for seven consecutive days. The developed model was also tested against independent data sets at three locations in the plains, two in plateau region and three in the hills. Statistical comparisons of observed and predicted dates of late blight appearance showed that the mean absolute error was 10.48, while the residual mean square error was only 13.17 indicating that the errors were quite low. The Willmott D index was 0.84 which is quite close to unity thus indicating high accuracy of model predictions and its applicability across regions and seasons. Receiver operating characteristic analysis also confirmed the superiority of this combination (accuracy of 73.6%, AUC of 0.725) to predict late blight appearance as well as its non-appearance in unfavourable years.;;;;;;;;;5;0;0;0;4;0;6;1;8;0967-0874;1366-5863;;;;;;;;;;;;;;2016-12-07;WOS:000385781500013;;
11;J;Ali Yasir, Raza Ahmed, Aatif Hafiz Muhammad, Ijaz Muhammad, Ul-Allah Sami, Rehman Shafeeq Ur, Mahmoud Sabry Y. M., Farrag Eman Saleh Hassan, Amer Mahmoud A., Moustafa Mahmoud;;;;Mahmoud, Sabry/AAL-9183-2020 FARAG, EMAN/GNO-9585-2022 Moustafa, Mohamed/L-4023-2019 aatif, muhammad/HHZ-2490-2022 ijaz, Muhammad/GXF-2451-2022 Youssef, Mahmoud/HTO-6037-2023 Ul-Allah, Sami/B-3782-2018 Ur Rahman, Shafeeq/GQG-9782-2022;Ali, Yasir/0000-0002-3795-7469 Ul-Allah, Sami/0000-0003-1619-9432 Ur Rahman, Shafeeq/0000-0003-4736-5229 Mahmoud, Sabry/0000-0001-9599-4754 Raza, Ahmed/0000-0002-6553-8069 Amer, Mahmoud/0000-0001-6595-4022;;;;;Regression Modeling Strategies to Predict and Manage Potato Leaf Roll Virus Disease Incidence and Its Vector;;;;;;;;AGRICULTURE-BASEL;;;;12.0;4.0;;;;;550;;;10.3390/agriculture12040550;;;;;;;Article;APR 2022;2022;The potato leaf roll virus (PLRV) disease is a serious threat to successful potato production and is mainly controlled by integrated disease management however, the use of chemicals is excessive and non-judicious, and it could be rationalized using a predictive model based on meteorological variables. The goal of the present investigation was to develop a disease predictive model based on environmental responses viz. minimum and maximum temperature, rainfall and relative humidity. The relationship between epidemiological variables and PLRV disease incidence was determined by correlation analysis, and a stepwise multiple regression was used to develop a model. For this purpose, five years (2010-2015) of data regarding disease incidence and epidemiological variables collected from the Plant Virology Section Ayub Agriculture Research Institute (AARI) Faisalabad were used. The model exhibited 94% variability in disease development. The predictions of the model were evaluated based on two statistical indices, residual (%) and root mean square error (RMSE), which were <=+/- 20, indicating that the model was able to predict disease development. The model was validated by a two-year (2015-2017) data set of epidemiological variables and disease incidence collected in Faisalabad, Pakistan. The homogeneity of the regression equations of the two models, five years (Y = -47.61 - 0.572x 1 + 0.218x 2 + 3.78x 3 + 1.073x 4 ) and two years (Y = -28.93 - 0.148x(1) + 0.510x(2) + 0.83x(3) + 0.569x(4)), demonstrated that they validated each other. Scatter plots indicated that minimum temperature (5-18.5 degrees C), maximum temperature (19.1-34.4 degrees C), rainfall (3-5 mm) and relative humidity (35-85%) contributed significantly to disease development. The foliar application of salicylic acid alone and in combination with other treatments significantly reduced the PLRV disease incidence and its vector population over control. The salicylic acid together with acetamiprid proved the most effective treatment against PLRV disease incidence and its vector M. persicae.;;;;;;;;;1;0;0;0;0;0;1;1;14;;2077-0472;;;;;;;;;;;;;;2022-04-29;WOS:000785239300001;;
12;J;Baker Kathleen M., Kirk William W.;;;;;;;;;;Comparative analysis of models integrating synoptic forecast data into potato late blight risk estimate systems;;;;;;;;COMPUTERS AND ELECTRONICS IN AGRICULTURE;;;;57.0;1.0;;;23;32;;;;10.1016/j.compag.2007.01.011;;;;;;;Article;MAY 2007;2007;Determinacy analysis, logistic regression, discriminant analysis and neural network models were compared for their accuracy in 5-day (120h) forecasts of daily potato late blight risk according to a modified-Wallin disease severity model. For 12 locations in Michigan, variables derived from extended forecast data (MEX) from the National Weather Service model output statistics (MOS) were compared with those similarly derived from Unedited Local Climatological Data (ULCD) for the growing seasons 2001-2004. The most effective model for late blight risk prediction based on comparison with risk estimated with ULCD was a resilient propagation (Rprop) neural network model with 49 variables and 10 hidden nodes. The neural network model had significantly higher overall accuracy than the other models, and was particularly successful at predicting risk values in June, July, and August when knowledge of potato late blight risk is most critical to growers making management decisions with regard to fungicide sprays and irrigation scheduling. The neural network model was also significantly more accurate than the regional average of days with no late blight risk (0.72%). For each of the four models, monthly accuracy at any single station was negatively correlated with the percentage of days per month classified as risk days for potato late blight (P = 0.01). Although no validation with disease data was conducted, such models are still useful in the context of advising growers of forecast conditions that may be favorable for late blight according to model values, such as Wallin style disease severity values, with which they are familiar. (c) 2007 Elsevier B.V. All rights reserved.;;;;;;;;;14;1;0;0;7;0;18;0;21;0168-1699;;;;;;;;;;;;;;;2007-05-01;WOS:000246292400003;;
13;J;Oroian Ioan Gheorge, Odagiu Antonia, Covrig Ilie, Paulette Laura, Rusu Teodor;;;;Covrig, Ilie/AAA-7293-2021 Odagiu, Antonia/ABO-0651-2022 Paulette, Laura/J-4639-2019 Teodor, Rusu/G-2199-2011;Teodor, Rusu/0000-0002-5979-3258;;;;;Testing multiregression model in predicting Phytophtora infestans L. attack degree on potato culture developed in climatic conditions from Transylvania, Romania;;;;;;;;JOURNAL OF FOOD AGRICULTURE & ENVIRONMENT;;;;11.0;1.0;;;449;453;;;;;;;;;;;Article;2013;2013;Because global warming accompanied by alteration of precipitation regime became a real threat, worldwide, and potato is one of the most important cultures, increased interest was focused on the influence of the interaction of the climatic factors on potato most aggressive pathogen Phytophtora infestans (Mont) de Bary, which produces the disease called late blight. Based on this reality, our study was aimed to test at low scale the possibility of estimating the effect of Phytophtora infestans L. attack degree (AD) on a potato culture developed in Transylvania, Romania, under conditions of climate change, using the multiregression model. The specific objectives of the study were to annually evaluate the interdependence between temperature, precipitation quantities and Phytophtora infestans AD%, during three experimental years, 2009, 2010 and 2011, between 1st of April and 30th of September each year, to simulate the impact of the possible climatic scenarios on Phytophtora infestans AD% evolutions, and to evaluate the opportunity of using the multiregression model in predicting Phytophtora infestans AD% on potato cultures function of climatic factors, under conditions of conventional treatments. The use of the multiregression model explained 85% of the variation of the Phytophtora infestans attack degree in response to climatic conditions in studied area. The independent variables are in different relationships with Phytophtora infestans AD%, precipitation presents a lower relationship than the temperature. The same interaction was found when climatic change scenarios were developed. When temperature increases or decreases with 2 degrees C and precipitation increases or decreases by 50%, precipitation quantities explain less on Phytophtora infestans AD%, compared with temperature. The study demonstrates the possibility of using the multiregression model in order to predict Phytophtora infestans attack degree on potato under specific climatic conditions.;;;;;;;;;1;0;0;0;1;0;1;0;31;1459-0255;1459-0263;;;;;;;;;;;;;;2013-04-03;WOS:000315827100001;;
14;J;Rakotonindraina Toky, Chauvin Jean-Eric, Pelle Roland, Faivre Robert, Chatot Catherine, Savary Serge, Aubertot Jean-Noel;;;;;;;;;;Modeling of Yield Losses Caused by Potato Late Blight on Eight Cultivars with Different Levels of Resistance to Phytophthora infestans;;;;;;;;PLANT DISEASE;;;;96.0;7.0;;;935;942;;;;10.1094/PDIS-09-11-0752;;;;;;;Article;JUL 2012;2012;The Shtienberg model for predicting yield loss caused by Phytophthora infestans in potato was developed and parameterized in the 1990s in North America. The predictive quality of this model was evaluated in France for a wide range of epidemics under different soil and weather conditions and on cultivars different than those used to estimate its parameters. A field experiment was carried out in 2006, 2007, 2008, and 2009 in Brittany, western France to assess late blight severity and yield losses. The dynamics of late blight were monitored on eight cultivars with varying types and levels of resistance. The model correctly predicted relative yield losses (efficiency = 0.80, root mean square error of prediction = 13.25%, and bias = 0.36%) as a function of weather and the observed disease dynamics for a wide range of late blight epidemics. In addition to the evaluation of the predictive quality of the model, this article provides a dataset that describes the development of various late blight epidemics on potato as a function of weather conditions, fungicide regimes, and cultivar susceptibility. Following this evaluation, the Shtienberg model can be used with confidence in research and development programs to better manage potato late blight in France.;;;;;;;;;15;1;0;0;11;0;17;2;40;0191-2917;;;;;;;;;;;;;;;2012-07-12;WOS:000305379400002;30727206.0;
15;J;Skelsey P., Kettle H., MacKenzie K., Blok V.;;;;Skelsey, Peter/L-7786-2013;;;;;;Potential impacts of climate change on the threat of potato cyst nematode species in Great Britain;;;;;;;;PLANT PATHOLOGY;;;;67.0;4.0;;;909;919;;;;10.1111/ppa.12807;;;;;;;Article;MAY 2018;2018;Potato cyst nematode (PCN) species have different temperature optima for various life cycle stages, therefore a risk assessment of the threat of PCN species under future climates is essential to guide adaptation strategies. Data defining the spatial coverage of potato crops in Great Britain were combined with probabilistic climate change data and a newly developed PCN life cycle model to project the future risk to potato crops from PCN. The model was based on the results of controlled environment experiments to investigate the effect of temperature on survival to female maturity using three PCN populations: Globodera pallida (Lindley) and G. rostochiensis from the James Hutton Institute PCN collection, and a field population of G. pallida (S-Fife). It was found that projected increases in soil temperature could result in increased survival to female maturity for all three PCN populations, with greater increases expected for Scotland, followed by Wales then England. The largest projected increases in Scotland were for G. pallida, whereas G. rostochiensis showed the largest increases in Wales and England. The potential impact of several agronomic adaptation strategies on projected PCN risk were also investigated. The results from the model suggest that soil infestation levels would have to be reduced by up to 40% in order to negate projected increases in PCN risk, and that advancing the start date of the growing season or modifying planting patterns could be successful strategies to reduce future PCN risk.;;;;;;;;;12;3;0;0;11;0;15;0;37;0032-0862;1365-3059;;;;;;;;;;;;;;2018-04-27;WOS:000429578000015;;
16;J;Cucak Mladen, Sparks Adam, Moral Rafael de Andrade, Kildea Stephen, Lambkin Keith, Fealy Rowan;;;;Cucak, Mladen/AAK-6361-2020 Fealy, Rowan/MIN-4342-2025 de Andrade Moral, Rafael/M-3184-2016 Sparks, Adam H./D-3607-2011;de Andrade Moral, Rafael/0000-0002-0875-3563 Fealy, Rowan/0000-0002-9601-2633 Cucak, Mladen/0000-0001-5429-5340 Sparks, Adam H./0000-0002-0061-8359;;;;;Evaluation of the 'Irish Rules': The Potato Late Blight Forecasting Model and Its Operational Use in the Republic of Ireland;;;;;;;;AGRONOMY-BASEL;;;;9.0;9.0;;;;;515;;;10.3390/agronomy9090515;;;;;;;Article;SEP 2019;2019;Potato late blight caused by Phytophthora infestans is one of the most important plant diseases known, requiring high pesticide inputs to prevent disease occurrence. The disease development is highly dependent on weather conditions, and as such, several forecasting schemes have been developed worldwide which seek to reduce the inputs required to control the disease. The Irish Rules, developed in the 1950s and calibrated to accommodate the meteorological network, the characteristics of potato production and the P. infestans population at the time, is still operationally utilized by the national meteorological agency, Met eireann. However, numerous changes in the composition and dynamics of the pathosystem and the risks of production/economic consequences associated with potato late blight outbreaks have occurred since the inception of the Irish Rules model. Additionally, model and decision thresholds appear to have been selected ad hoc and without a clear criteria. We developed a systematic methodology to evaluate the model using the empirical receiver operating curve (ROC) analysis and the response surface methodology for the interpretation of the results. The methodology, written in the R language, is provided as an open, accessible and reproducible platform to facilitate the ongoing seasonal re-evaluation of the Irish Rules and corresponding decision thresholds. Following this initial analysis, based on the available data, we recommend the reduction of the thresholds for relative humidity and an initial period duration from 90% and 12 h to 88% and 10 h, respectively. Contrary to recent reports, we found that the risk of blight epidemics remains low at temperatures below 12 degrees C. With the availability of more comprehensive outbreak data and with greater insight into the founder population to confirm our findings as robust, the temperature threshold in the model could potentially be increased from 10 degrees C to 12 degrees C, providing more opportunities for reductions of pesticide usage. We propose a dynamic operational decision threshold between four and 11 effective blight hours (EBH) set according to frequency of the disease outbreaks in the region of interest. Although the risk estimation according to the new model calibrations is higher, estimated chemical inputs, on average, are lower than the usual grower's practice. Importantly, the research outlined here provides a robust and reproducible methodological approach to evaluate a semi-empirical plant disease forecasting model.;;;;;;;;;6;1;0;0;4;0;7;1;23;;2073-4395;;;;;;;;;;;;;;2019-10-11;WOS:000487728800032;;
17;J;Cohen Y., Goldstein E., Hetzroni A., Lensky I., Zig U., Tsror (Lahkim) L.;;;;Cohen, Yafit/AAL-7233-2020 Lensky, Itamar/B-5285-2014;Lensky, Itamar/0000-0001-7594-5277 Goldshtein, Eitan/0000-0003-1450-5491;;;;;A knowledge-based prediction model of Verticillium wilt on potato and its use for rational crop rotation;;;;;;;;COMPUTERS AND ELECTRONICS IN AGRICULTURE;;;;85.0;;;;112;122;;;;10.1016/j.compag.2012.02.011;;;;;;;Article;JUL 2012;2012;Verticillium dahliae is the major causal agent of potato early dying (PED) syndrome, characterized by stunting, chlorosis and wilting, premature senescence and early plant dying. It is a common practice to reduce the risk of Verticillium wilt (VW) by applying a rational crop rotation. A knowledge based prediction model for VW was developed and validated. it was based on experimental data and practical management experience, and utilized a knowledge-based approach to acquire the expert knowledge. The potential contribution of this approach was demonstrated in the process of knowledge acquisition and in the model development. The experts identified eight major factors that affect disease development (in descending order of importance): inoculum level in the soil, cultivar susceptibility, fumigation history, frequency of susceptible crops within a crop rotation, growing season, fallow seasons within a crop rotation, infection level in the tubers and soil type. The procedure used for selecting the factors and the method used for extracting their relative weights (pairwise comparison) was proved to be useful as the factor and their relative weights replicated the conclusions of studies from other sites. Additionally, the prediction model was found to be 80% accurate. The prediction model was integrated in a spatial decision support system (SDSS), built under ArcGIS 10, that advises the farmer on plot allocation for potato growing with minimal risk of VW. The SDSS interface and its outputs are presented using real-world data. Effective use of the SDSS by farmers requires the construction of a historical database that includes values of the abovementioned factors and a user-friendly interface for routine updating. (C) 2012 Elsevier B.V. All rights reserved.;;;;;;;;;6;0;0;0;4;0;7;0;49;0168-1699;;;;;;;;;;;;;;;2012-07-01;WOS:000306879900015;;
18;J;Johnson Anna C. Seidl, Frost Kenneth E., Rouse Douglas I., Gevens Amanda J.;;;;;Frost, Kenneth/0000-0002-1371-4681;;;;;Effect of Temperature on Growth and Sporulation of US-22, US-23, and US-24 Clonal Lineages of Phytophthora infestans and Implications for Late Blight Epidemiology;;;;;;;;PHYTOPATHOLOGY;;;;105.0;4.0;;;449;459;;;;10.1094/PHYTO-03-14-0064-R;;;;;;;Article;APR 2015;2015;Epidemics of late blight, caused by Phytophthora infestans (Mont.) de Bary, have been studied by plant pathologists and regarded with great concern by potato and tomato growers since the Irish potato famine in the 1840s. P. infestans populations have continued to evolve, with unique clonal lineages arising which differ in pathogen fitness and pathogenicity, potentially impacting epidemiology. In 2012 and 2013, the US-23 clonal lineage predominated late blight epidemics in most U. S. potato and tomato production regions, including Wisconsin. This lineage was unknown prior to 2009. For isolates of three recently identified clonal lineages of P. infestans (US-22, US-23, and US-24), sporulation rates were experimentally determined on potato and tomato foliage and the effect of temperature on lesion growth rate on tomato was investigated. The US-22 and US-23 isolates had greater lesion growth rates on tomato than US-24 isolates. Sporulation rates for all isolates were greater on potato than tomato, and the US-23 isolates had greater sporulation rates on both tomato and potato than the US-22 and US-24 isolates. Experimentally determined correlates of fitness were input to the LATEBLIGHT model and epidemics were simulated using archived Wisconsin weather data from four growing seasons (2009 to 2012) to investigate the effect of isolates of these new lineages on late blight epidemiology. The fast lesion growth rates of US-22 and US-23 isolates resulted in severe epidemics in all years tested, particularly in 2011. The greater sporulation rates of P. infestans on potato resulted in simulated epidemics that progressed faster than epidemics simulated for tomato the high sporulation rates of US-23 isolates resulted in simulated epidemics more severe than simulated epidemics of isolates of the US-22 and US-24 isolates and EC-1 clonal lineages on potato and tomato. Additionally, US-23 isolates consistently caused severe simulated epidemics when lesion growth rate and sporulation were input into the model singly or together. Sporangial size of the US-23 isolates was significantly smaller than that of US-22 and US-24 isolates, which may result in more efficient release of sporangia from the tomato or potato canopy. Our experimentally determined correlates of fitness and the simulated epidemics resulting from their incorporation into the LATEBLIGHT model suggest that US-23 isolates of P. infestans may have the greatest fitness among currently prevalent lineages and may be the most likely lineage to persist in the P. infestans population. The US-23 clonal lineage has been documented as the most prevalent lineage in recent years, indicating its overall fitness. In our work, US-23 had the highest epidemic potential among current genotypes. Given that epidemic potential is a component of fitness, this may, in part, explain the current predominance of the US-23 lineage.;;;;;;;;;14;0;0;0;13;0;20;1;41;0031-949X;1943-7684;;;;;;;;;;;;;;2015-05-13;WOS:000352979600006;25423069.0;
19;J;Vasquez Diego F., Hernandez Anngie, Torres Diana, Borrero-Echeverry Felipe, Zuluaga Paola, Rincon Diego F.;;;;zuluaga, paola/KLD-8121-2024 Borrero-Echeverry, Felipe/C-1958-2012 Zuluaga Cruz, Andrea Paola/H-6817-2015;Zuluaga Cruz, Andrea Paola/0000-0002-3003-4856 Rincon, Diego/0000-0001-6869-4430;;;;;Drought as a modulator of plant-virus-vector interactions: Effects on symptom expression, plant immunity and vector behaviour;;;;;;;;PLANT PATHOLOGY;;;;71.0;6.0;;;1282;1292;;;;10.1111/ppa.13554;;;;;MAR 2022;;Article;AUG 2022;2022;Plant-virus interactions are affected by environmental conditions that determine plant vulnerability to pathogens and the population dynamics of insect vectors. We hypothesize that drought enhances horizontal transmission by dampening the basal immunity of plants, which triggers symptom expression and vector manipulation. The potato yellow vein virus (PYVV) causes potato yellow vein disease (PYVD), a re-emerging epidemic of potato crops in South America, and is transmitted horizontally by the greenhouse whitefly (GWF), Trialeurodes vaporariorum (Hemiptera: Aleyrodidae), or vertically through infected seed tubers. We investigated the role of drought and temperature as modulators of PYVD symptom expression, plant immune response, and vector survival, development and host preference. We found that drought induced symptom expression, suppressed the salicylic acid pathway and increased PYVV replication. GWF survival was reduced on PYVV-infected hosts and development was slowest when they fed on plants with PYVD symptoms, which also triggered adults' attraction to PYVV-infected plants. However, adults previously fed on infected plants showed the opposite effect, being more attracted to PYVV-free plants. We propose a theoretical model that explains the role of drought in modulating potato-PYVV-GWF interactions and provides new insights into plant-virus-vector coevolution.;;;;;;;;;6;0;0;0;3;0;6;0;20;0032-0862;1365-3059;;;;;;;;;;;;;;2022-04-22;WOS:000780178700001;;
20;J;Liaqat N., Khan M. A., Atiq M., Khan M. A.;;;;Hayat, Muhammad/E-8340-2011 Asgher, Muhammad/ABB-7913-2021;;;;;;INFLUENCE OF ENVIRONMENTAL FACTORS ON THE DEVELOPMENT OF POTATO BLACKLEG DISEASE;;;;;;;;APPLIED ECOLOGY AND ENVIRONMENTAL RESEARCH;;;;20.0;2.0;;;1325;1333;;;;10.15666/aeer/2002_13251333;;;;;DEC 2021;;Article;2022;2022;Climatic conditions play a crucial part regarding the development of blackleg caused by Pectobacterium atrocepticum (Pa), which is one of the major threats the potato industry faced. These factors affect the stage of growth, host susceptibility, succulence, vigor, survival, rate of multiplication, direction of pathogen dispersion, rate of spore penetration and germination. In the present experiment, effect of these environmental variables like maximum and minimum temperature (max and min T), relative humidity (RH), rainfall (RF), and wind speed (WS) on disease development were studied. Significant positive correlation was observed for all twenty-five varieties and a multiple regression model (Y = + 24.382 + 0.3592X(1) + .0970X(2) -0.2551X(3) + 1.982X(4)) based on the two-year study was developed to find out the relationship between environmental parameters and disease projection. Goodness of model was indicated by coefficient determination value (97.5%). Correlation of these environmental factors on the development of disease on twenty-five potato varieties during 2018, 2019 was done. Significant positive correlation was observed on all twenty-five varieties. In conclusion, it was established that environmental factors, including max. T (28 degrees C), min. T (15 degrees C), RH 70%, and WS 3.5 Km/h were conducive for the development of blackleg. Current study would be helpful for researchers in designing better disease management strategies under changing climatic conditions in the future.;;;;;;;;;2;0;0;0;2;0;2;0;5;1589-1623;1785-0037;;;;;;;;;;;;;;2022-04-15;WOS:000779425900001;;
21;J;Li Qing, Zhang Xueyan, Ma Xin, Li Hailong;;;;;Li, Qing/0009-0003-0420-6057;;;;;Evaluating the Applicability of the TOMCAST Model for the Control of Potato Early Blight in China;;;;;;;;PLANTS-BASEL;;;;12.0;8.0;;;;;1634;;;10.3390/plants12081634;;;;;;;Article;APR 2023;2023;To explore the applicability of different fungicide application schemes to control potato early blight (mainly caused by Alternaria solani) in China, field trials were conducted from 2020 to 2022, combining different fungicides with the tomato forecaster (TOMCAST) model and using weather variables to adjust the minimum temperature of TOMCAST to 7 degrees C. To effectively manage potato early blight, the TOMCAST model combines relative humidity (>88%) and air temperature to calculate daily severity values (DSVs). The application of fungicides (fungicide schedule) is as follows: untreated two standard treatments, Amimiaoshou SC and Xishi SC, applied at the first appearance of disease symptoms and two different TOMCAST treatments, in which fungicides are applied when the physiological days add up to 300 days and DSVs add up to 15. This study quantifies the intensity of early blight as the area under the disease progression curve and the final disease severity. Additionally, a progress curve for early blight is constructed to compare the development of early blight in different years and treatments. The TOMCAST-15 model reduces the number of fungicide applications in addition to significantly suppressing the development of early blight. Furthermore, fungicide application significantly increases the dry matter and starch contents of potatoes, and TOMCAST-15 x Amimiaoshou SC has similar enhancement effects on dry matter, protein, reducing sugar, and starch contents compared with Amomiaohou SC and Xishi SC. As a result, TOMCAST x Amimiaoshou SC may be an effective alternative to the standard treatment and have good applicability in China.;;;;;;;;;1;0;0;0;0;0;1;1;11;2223-7747;;;;;;;;;;;;;;;2023-05-22;WOS:000976847600001;37111858.0;
22;J;Gu Y. H., Yoo S. J., Park C. J., Kim Y. H., Park S. K., Kim J. S., Lim J. H.;;;;YOO, SEONG/AAB-3791-2021 Kim, Jung/JAO-0332-2023 Park, Chang-Jin/AAX-1867-2021;;;;;;BLITE-SVR: New forecasting model for late blight on potato using support-vector regression;;;;;;;;COMPUTERS AND ELECTRONICS IN AGRICULTURE;;;;130.0;;;;169;176;;;;10.1016/j.compag.2016.10.005;;;;;;;Article;NOV 15 2016;2016;Various simple statistical methods have been used for the prediction of plant-disease epidemics. However, the need to develop a new model, reflecting many changed environmental factors and applicable to the Korean domestic farmhouse, has been raised. Given this point, we developed the potato late blight prediction model called BLITE-SVR, after which we predicted and verified the first date of occurrence with the data from 1976 to 1985 and from 2009 to 2012 through support-vector regression (SVR), a statistical method offering good performance. For the prediction model, we collected 13 kinds of weather data, including temperature, humidity, evaporation, and so on, which displayed very high correlation to the first date of the occurrence of late blight. The performance of BLITE-SVR has been evaluated through comparison with the conventional moving-average method that was previously used, as well as through pace regression and linear regression. The accuracy of prediction for the first date of occurrence was 64.3% by BLITE-SVR, thus showing a higher degree of accuracy compared with 42.9% by the conventional moving-average method, 42.9% by pace regression and 35.7% by linear regression. This study will enable farmers to match the targeted fungicide application to the time of greatest need and thereby achieve a reduction in chemical use. (C) 2016 Published by Elsevier B.V.;;;;;;;;;34;1;0;0;10;0;34;1;26;0168-1699;1872-7107;;;;;;;;;;;;;;2017-01-18;WOS:000390515300016;;
23;J;He Yitong, Wang Rui, Zhao Honghai, Ren Yonglin, Agarwal Manjree, Zheng Dan, Gao Shan, McKirdy Simon J., Chu Dong;;;;He, Yitong/ACQ-7412-2022 Zheng, Dan/KLZ-6622-2024 CHU, DONG/AAI-1892-2020;HE, Yitong/0000-0002-7468-6071 Agarwal, Manjree/0000-0002-8781-3850;;;;;Predicting potential global distribution and risk regions for potato cyst nematodes (Globodera rostochiensis and Globodera pallida);;;;;;;;SCIENTIFIC REPORTS;;;;12.0;1.0;;;;;21843;;;10.1038/s41598-022-26443-0;;;;;;;Article;DEC 17 2022;2022;Potato cyst nematodes (PCNs), golden (yellow) cyst nematode (Globodera rostochiensis, gPCN) and pale (white) cyst nematode (G. pallida, pPCN), are important invasive pests in many countries and regions where they can cause significant yield and economic loss for agriculture. Prediction and identification of habitats suitable for PCNs are critical for developing biosecurity strategies, both pre and post border, to maximise the potential for early elimination should an incursion occur. To date, the potential global distribution of PCNs has not been thoroughly studied. Therefore, this study conducted a species distribution model to illustrate the potential global distribution of PCNs and risk regions. In this study, the Maximum Entropy Model (Maxent) associated with the Geographic Information System (GIS) was employed to reveal the potential distribution of the gPCN and pPCN. In addition to bioclimate, soil quality was also included in the model. The global cultivated lands, whether the susceptible hosts were present or not, were used to assess the maximum potential risk regions. The limitation factors for PCNs distribution were also assessed. Results showed that 66% of the global land surface was suitable for gPCN or pPCN or both, and both species can colonise more than 75% of the global cultivated lands. The coldest quarter's mean temperature and precipitation were critical limitations in unsuitable regions. In summary, the global risk maps of PCNs contribute valuable additional information that complements previous national/regional distribution predictions. The results of this distribution research will contribute practical support for decision-makers and practitioners to implement biosecurity strategies from a global perspective, that incorporate prevention or promptly enforce control practices to limit the damage caused by future incursions.;;;;;;;;;8;1;0;0;6;0;8;5;25;2045-2322;;;;;;;;;;;;;;;2023-02-12;WOS:000900133700009;36528656.0;
24;J;Ewing David A., Blok Vivian, Kettle Helen;;;;Ewing, David/ADX-2936-2022;;;;;;A process-based, stage-structured model of potato cyst nematode population dynamics: Effects of temperature and resistance;;;;;;;;JOURNAL OF THEORETICAL BIOLOGY;;;;522.0;;;;;;110701;;;10.1016/j.jtbi.2021.110701;;;;;APR 2021;;Article;AUG 7 2021;2021;Potato cyst nematodes (PCN) are responsible for large losses in potato yields in many of the world's potato-growing regions. As soil temperatures increase due to climate change, there is potential for faster growth rates of PCN, allowing development of multiple generations in a growing season. We develop a process-based temperature-dependent model representing the life cycle of Globodera pallida, comprising juvenile, adult and cyst/diapause stages. To incorporate variability in the amount of time spent in each stage caused by genetic/environmental variation, the model is based on a mix of ordinary differential equations (ODEs) with sub-stages, and delay differential equations (DDEs). The effect of climate change is incorporated through the influence of soil temperature on the rate of development and survival in the hatching and juvenile stages. The level of the plant resistance to PCN is incorporated via the proportion of juveniles which become adults. After comparing the model with field data we run simulations to explore the effects of temperature and resistance on PCN populations. We find that with higher temperatures and longer growing seasons multiple generations of PCN can develop within a season, provided any required diapause period is short. Despite this, we show that growing resistant potatoes is a very effective control strategy and planting potatoes with even moderate levels of resistance can counter the effects of climate change. (C) 2021 Elsevier Ltd. All rights reserved.;;;;;;;;;6;0;0;0;5;0;6;1;23;0022-5193;1095-8541;;;;;;;;;;;;;;2021-06-05;WOS:000652405200009;33794290.0;
25;J;Wu Qiang, Yang Yuan-yan, Andom Okbagaber, Li Yan-li, Luo Zi-zi, Guo An-hong;;;;;;;;;;Effectiveness of potato late blight (Phytophthora infestans) forecast by meteorological estimation in mountainous terrain based on CARAH rules;;;;;;;;FUNGAL BIOLOGY;;;;127.0;12.0;;;1475;1483;;;;10.1016/j.funbio.2023.11.002;;;;;NOV 2023;;Article;DEC 2023;2023;Potato late blight (PLB) caused by Phytophthora infestans (Mont.) de Bary, its incidence and development are highly dependent on meteorological conditions. To solve the problem of PLB in mountainous terrain under the condition of limited meteorological monitoring capability, the air temperature and humidity was estimated based on the basic meteorological datasets, the forecast effect of the onset period and infection cycle of PLB based on CARAH rules was evaluated. The average MAE, RMSE and CI of the estimated air temperature and observations were 1.17 degrees C, 1.52 degrees C and 0.95, respectively. The average MAE, RMSE and CI of the estimated relative humidity and observations were 8.0 %, 10.7 % and 0.53, respectively. The curve of the infection cycle of PLB at different locations were estimated from the basic meteorological datasets based on the CARAH rules, and the false alarm and missing ratios were 8.8 % and 4.6 % respectively. It may be delayed by 1 or 2 fungal generations compared to the observations, and then the protective fungicide should be adjusted to a systemic fungicide. The false alarm of the infection cycle of PLB may increase in dry air conditions, and the missing report may occur in humid condition.;;;;;;;;;0;0;0;0;0;0;0;2;9;1878-6146;1878-6162;;;;;;;;;;;;;;2024-01-01;WOS:001125765300001;38097321.0;
26;J;Small Ian M., Joseph Laura, Fry William E.;;;;;;;;;;Development and implementation of the BlightPro decision support system for potato and tomato late blight management;;;;;;;;COMPUTERS AND ELECTRONICS IN AGRICULTURE;;;;115.0;;;;57;65;;;;10.1016/j.compag.2015.05.010;;;;;;;Article;JUL 2015;2015;A web-based decision support system (DSS) for potato and tomato late blight management has been developed which links several models into a system that enables prediction of disease dynamics based on weather conditions, crop information, and management tactics. Growers identify the location of their production unit of interest (latitude and longitude of field) and the system automatically obtains observed weather data from the nearest available weather station, and location-specific forecast weather data from the National Weather Service - National Digital Forecast Database. The DSS uses these weather data along with crop and management information to drive disease forecasting systems and a validated mechanistic model of the disease to generate location-specific management recommendations for fungicide application. An integrated alert system allows users to receive notification of upcoming critical thresholds via e-mail or text message. This system provides producers, consultants, researchers, and educators with a tool to obtain management recommendations, evaluate disease management scenarios, explore comparative epidemiology, or function as a teaching aid. In field and computer simulation experiments, DSS-guided schedules were influenced by prevailing weather and host resistance and resulted in schedules that improved the efficiency of fungicide use and also reduced variance in disease suppression when compared to a weekly spray schedule. In situations with unfavorable weather, the DSS recommended fewer fungicide applications with no loss of disease suppression. In situations of very favorable weather, the DSS recommended more fungicide applications but with improved disease suppression. The DSS provides an interactive system that helps users maximize the efficiency of their crop protection strategy by enabling well-informed decisions. (C) 2015 Elsevier B.V. All rights reserved.;;;;;;;;;53;2;0;0;41;0;66;1;74;0168-1699;1872-7107;;;;;;;;;;;;;;2015-08-13;WOS:000358099900008;;
27;J;Johnson Dennis A., Cummings Thomas F., Ghanem Rita Abi, Alldredge J. Richard;;;;;;;;;;Association of Solar Irradiance and Days of Precipitation with Incidence of Potato Late Blight in the Semiarid Environment of the Columbia Basin;;;;;;;;PLANT DISEASE;;;;93.0;3.0;;;272;280;;;;10.1094/PDIS-93-3-0272;;;;;;;Article;MAR 2009;2009;The effects of cumulative solar irradiance and rainfall on incidence of potato late blight (caused by Phytophthora infestans) in the Columbia Basin of south-central Washington and north-central Oregon were investigated using meteorological data collected near Othello, WA from 1990 through 2007 and Prosser, WA from 1990 through 2006. An association between solar irradiance and seasonal differences in late blight epidemics has not been quantitatively determined. Incidence of late blight in the Columbia Basin significantly increased as cumulative solar irradiance decreased during 1 April to 31 July and 1 June to 31 July at both Othello and Prosser. Incidence of late blight also increased as number of rainy days increased during 1 April to 31 July at Othello and Prosser and from 1 June to 31 July at Prosser. Coefficients of determination for significant models on late bight incidence ranged from 0.28 to 0.43 for cumulative solar irradiance and 0.27 to 0.38 for number of rainy days. Late blight incidence significantly increased as day of the year for first occurrence of late blight decreased in the Columbia Basin. A multiple regression model that included cumulative solar irradiance from 1 June to 31 July at Prosser and day of year for first occurrence of late blight as independent variables accounted for 58% of the variation for late blight incidence (adjusted R-2 = 0.58), and a model that included number of cloudy days without rain combined with number of rainy days accounted for 62% of the variation for late blight incidence. This is the first report demonstrating a quantitative association of solar irradiance and incidence of late blight in commercial potato fields.;;;;;;;;;9;0;0;0;10;1;11;2;8;0191-2917;1943-7692;;;;;;;;;;;;;;2009-03-01;WOS:000264740700010;30764180.0;
28;J;Wan Jing, Wang Rui, Ren Yonglin, McKirdy Simon;;;;McKirdy, Simon/I-3096-2013;McKirdy, Simon/0000-0001-6578-5521;;;;;Potential Distribution and the Risks of Bactericera cockerelli and Its Associated Plant Pathogen Candidatus Liberibacter Solanacearum for Global Potato Production;;;;;;;;INSECTS;;;;11.0;5.0;;;;;298;;;10.3390/insects11050298;;;;;;;Article;MAY 2020;2020;The tomato potato psyllid (TPP), Bactericera cockerelli, is a psyllid native to North America that has recently invaded New Zealand and Australia. The potential for economic losses accompanying invasions of TPP and its associated bacterial plant pathogen Candidatus Liberibacter solanacearum (CLso), has caused much concern. Here, we employed ecological niche models to predict environments suitable for TPP/CLso on a global scale and then evaluated the extent to which global potato cultivation is at risk. In addition, at a finer scale the risk to the Australian potato acreage was evaluated. A total of 86 MaxEnt models were built using various combinations of settings and climatic predictors, and the best model based on model evaluation metrics was selected. Climatically suitable habitats were identified in Eurasia, Africa, South America, and Australasia. Intersecting the predicted suitability map with land use data showed that 79.06% of the global potato cultivation acreage, 96.14% of the potato production acreage in South America and Eurasia, and all the Australian potato cropping areas are at risk. The information generated by this study increases knowledge of the ecology of TPP/CLso and can be used by government agencies to make decisions about preventing the spread of TPP and CLso across the globe.;;;;;;;;;19;2;0;0;15;0;20;6;28;;2075-4450;;;;;;;;;;;;;;2020-07-02;WOS:000541085300059;32408479.0;
29;J;Hernandez-Mansilla A. A., Sori-Gomez R., Valentin-Perez Y., Lopez-Mayea A., Benedico-Rodriguez O.;;;;;;;;;;Bioclimatic scenarios of Late blight in potato [Phytophthora infestans (Mont.) De Bary] in Ciego de Avila, Cuba;;;;;;;;REVISTA LATINOAMERICANA DE LA PAPA;;;;21.0;2.0;;;1;14;;;;;;;;;;;Article;2017;2017;It is a relevant task for current agricultural research to predict and interpret the influence of climate change on the harmful organisms of crops and to adapt the phytosanitary management. Interpreting the bioclimatic scenarios of Phytophthora infestans, which is the causal agent of late blight of potato in the crops areas in Ciego de Avila during the period November - April for the years 2025 and 2030 under scenarios (SRES) A2 and B2 was the aim of this work. In the making of the bioclimatic scenarios, were used daily data of accumulated precipitation and the average temperature from the Regional Model PRECIS-CARIBE. In addition, the biological indexes required by the phytopathogen to develop epiphytics which are considered in the method of threshold of rains recommended by the technical instruction of the crop in Cuba were taken into account. The results agree on the existence of not favorable meteorological conditions for the development and evolution of late blight in both 2025 and 2030. Specifically, the scarce occurrence and the low cumulative of precipitations that do not exceed the levels indicated by the threshold line, as well as the incidence of average temperatures above 24 degrees C. The bioclimatic scenarios obtained for this Oomycetes provide information for future planning and phytosanitary management of the crop as well as for the selection of cultural inputs and services that favor the application of climate-smart agriculture that contributes to the sustainable production of the tuber.;;;;;;;;;0;0;0;0;0;1;1;0;1;1019-6609;1853-4961;;;;;;;;;;;;;;2017-01-01;WOS:000454772400002;;
30;J;Iglesias Isabel, Escuredo Olga, Seijo Carmen, Mendez Jose;;;;Escuredo, Olga/ABH-5428-2020 Maria Carmen, Seijo-Coello/L-1946-2014;Escuredo, Olga/0000-0001-6156-9274 Maria Carmen, Seijo-Coello/0000-0001-8289-6717;;;;;Phytophthora infestans Prediction for a Potato Crop;;;;;;;;AMERICAN JOURNAL OF POTATO RESEARCH;;;;87.0;1.0;;;32;40;;;;10.1007/s12230-009-9114-y;;;;;;;Article;FEB 2010;2010;The present work studies the seasonal variation of Phytophthora infestans concentrations in the atmosphere of a potato crop grown in A Limia. Different models have also been tested to predict the attack of this pathogen in order to establish the necessary treatments. Sampling has been carried out during crop cycles in 2004, 2005 and 2007 by using a volumetric spore trap, located in the centre of the plot at a height of 1.5 m. The collection of meteorological data was done with an automatic gauge. The highest concentrations of Phytophthora infestans were registered during June and July, with maximum daily levels ranging from 82 to 145 spores/m(3), as a result of the maximum temperature average, around 16-23 degrees C. Three prediction models for Phytophthora infestans have been adjusted to our area of study. The Smith Periods model provides better results in years with low and medium levels of the oomycete inoculum. The NegFRY model is useful to adjust the day of first treatment application, when used together with the Negative Prognosis model. To observe the influence of meteorological parameters on Phytophthora infestans spore concentration, besides applying these models, a Spearman correlation analysis was carried out. This test allowed the establishment of a correlation between the temperature parameter and the oomycete, obtaining positive and significant correlations (p<0.01).;;;;;;;;;24;3;0;0;15;1;28;0;33;1099-209X;1874-9380;;;;;;;;;;;;;;2010-02-01;WOS:000276132500005;;
31;J;Firester B., Shtienberg D., Blank L.;;;;Blank, Lior/E-5945-2013;;;;;;Modelling the spatiotemporal dynamics of Phytophthora infestans at a regional scale;;;;;;;;PLANT PATHOLOGY;;;;67.0;7.0;;;1552;1561;;;;10.1111/ppa.12860;;;;;;;Article;SEP 2018;2018;Potato late blight caused the Irish Potato Famine and still causes billions of dollars of annual crop damage. Tracking and predicting its spread remains problematic. Growers overspray potato fields with fungicide as a precaution, irrespective of the prevalence or actual risk of the disease. This study created a new weather-based mathematical model for the spread of late blight at a regional scale using empirical data, and validated it using a novel approach for presence-only data. The model was tested using a contrapositive proof' by comparing predicted to actual weather patterns to examine its accuracy. The model was then used to create risk maps showing the likelihood of future outbreaks in the region. Such risk maps can help growers optimize late blight suppression and fungicide use by alerting them to the most probable day at which they are at the most risk, using real-time weather data from the previous few days. These risk maps would be updated daily to account for conditions needed for sporulation. Overall, this work offers a methodology to understand and model a disease's spread in time and space.;;;;;;;;;17;0;0;0;13;0;17;3;27;0032-0862;1365-3059;;;;;;;;;;;;;;2018-12-28;WOS:000441577400010;;
32;B;Skelsey Pete;;;;;;;;;;Multi-Scale Modeling of Potato Late Blight Epidemics;;;;;;;;;;;;;;;;;;;;;;;;;;;;Dissertation/Thesis;Jan 01 2008;2008;;;;;;;;;;0;0;0;0;0;0;0;0;0;;;9798516033612;;;;;;;;;;;;;;PQDT:65609071;;
33;J;Henderson Donna, Williams Christopher J., Miller Jeffrey S.;;;;;Williams, Christopher/0000-0001-6346-8100;;;;;Forecasting late blight in potato crops of southern Idaho using logistic regression analysis;;;;;;;;PLANT DISEASE;;;;91.0;8.0;;;951;956;;;;10.1094/PDIS-91-8-0951;;;;;;;Article;AUG 2007;2007;Previously published late blight forecasts which predict the threat of disease based on the presence or absence of favorable weather have not been effective in semi-arid potato-producing areas of the Pacific Northwest (Idaho, Oregon, and Washington). Research was conducted to identify weather variables useful for forecasting late blight in southern Idaho. The objectives of this research were to (i) determine if regional weather variables could be related to the occurrence of late blight in southern Idaho, (ii) determine if disease severity (scale of 0 to 4) could be predicted using variables found to be correlated with the annual occurrence of late blight, and (iii) validate the efficacy of this model in predicting disease incidence in regions of the Columbia Basin. Weather data were collected from five locations over a 9-year period (1995 to 2003). A binary logistic regression model (0 = no disease and I = disease) indicated that the number of hours with favorable conditions (10 degrees C <= temperature : 27 degrees C, relative humidity >= 80%) in April and May (HF80m) was a significant disease predictor. Logistic regression analysis using an ordinal disease scale (0 = no disease and 4 = severe disease) indicated amount of precipitation (Apj) and favorable hours (HF80j) with extended periods from April to June as significant disease predictors. The binary model predicted disease occurrence more accurately, with 67.5% accuracy (27/40 years correctly predicted), 75% sensitivity (12/16 late-blight years predicted), and 62.5% specificity (15/24 non-late-blight years predicted) using a leave-1-year-out error estimate. The binary model was validated with data (1995 to 2003) from the semi-arid Columbia Basin regions, predicting disease with 80.8% accuracy (21/26 years predicted), 84% sensitivity (21/25 outbreak years predicted), and 0% specificity (0/1 non-outbreak years predicted).;;;;;;;;;31;2;0;0;22;4;39;1;19;0191-2917;1943-7692;;;;;;;;;;;;;;2007-08-01;WOS:000248198100005;30780427.0;
34;J;Lehsten Veiko, Wiik Lars, Hannukkala Asko, Andreasson Erik, Chen Deliang, Ou Tinghai, Liljeroth Erland, Lankinen Asa, Grenville-Briggs Laura;;;;Liljeroth, Erland/A-1433-2009 Chen, Deliang/A-5107-2013 Grenville-Briggs, Laura/C-3419-2014 Ou, Tinghai/A-5068-2013;Lehsten, Veiko/0000-0002-0649-0042 Liljeroth, Erland/0000-0002-6950-2434 Ou, Tinghai/0000-0002-6847-4099 Andreasson, Erik/0000-0003-0666-7204;;;;;Earlier occurrence and increased explanatory power of climate for the first incidence of potato late blight caused by Phytophthora infestans in Fennoscandia;;;;;;;;PLOS ONE;;;;12.0;5.0;;;;;e0177580;;;10.1371/journal.pone.0177580;;;;;;;Article;MAY 30 2017;2017;BackgroundLate blight (caused by Phytophthora infestans) is a devastating potato disease that has been found to occur earlier in the season over the last decades in Fennoscandia. Up until now the reasons for this change have not been investigated. Possible explanations for this change are climate alterations, changes in potato production or changes in pathogen biology, such as increased fitness or changes in gene flow within P. infestans populations. The first incidence of late blight is of high economic importance since fungicidal applications should be typically applied two weeks before the first signs of late blight and are repeated on average once a week.MethodsWe use field observations of first incidence of late blight in experimental potato fields from five sites in Sweden and Finland covering a total of 30 years and investigate whether the earlier incidence of late blight can be related to the climate.ResultsWe linked the field data to meteorological data and found that the previous assumption, used in common late blight models, that the disease only develops at relative humidity levels above 90% had to be rejected. Rather than the typically assumed threshold relationship between late blight disease development and relative humidity we found a linear relationship. Our model furthermore showed two distinct responses of late blight to climate. At the beginning of the observation time (in Sweden until the early 90s and in Finland until the 2000s) the link between climate and first incidence was very weak. However, for the remainder of the time period the link was highly significant, indicating a change in the biological properties of the pathogen which could for example be a change in the dominating reproduction mode or a physiological change in the response of the pathogen to climate.ConclusionsThe study shows that models used in decision support systems need to be checked and re parametrized regularly to be able to capture changes in pathogen biology. While this study was performed with data from Fennoscandia this new pathogen biology and late blight might spread to (or already be present at) other parts of the world as well. The strong link between climate and first incidence together with the presented model offers a tool to assess late blight incidence in future climates.;;;;;;;;;22;0;0;0;15;0;27;0;30;1932-6203;;;;;;;;;;;;;;;2017-06-22;WOS:000402607000012;28558041.0;
35;J;;;;;;;;;Ian Toth;;A Decision Support tool for Potato Blackleg Disease (DeS-BL);;;;;;;;;;;;;;;;;;;;;;;;;;;;Awarded Grant;Aug 31 2020;2020;Blackleg disease of potato caused by P. atrosepticum (Pba) is the most damaging bacterial plant pathogen in the UK, costing £50M p.a. in losses for the potato industry. Current knowledge assumes that disease is caused through Pba-infected seed tubers. However, our recent unpublished data have shown that under high soil moisture following irrigation, disease appears in plants grown from pathogen free seed (minitubers). The most likely explanation is that bacteria enter the plant and cause disease directly from the soil something not previously considered. We have also shown that Pba is able to colonise roots of other plant species (including crops), possibly as natural rhizosphere-dwelling saprophytes in the soil. In pot trials with Pba alone, we showed there was no movement of Pba from soil into the plant. However, when free-living nematodes (FLN) were added to soil, a 100-fold increase in Pba in stems occurred. Through these and other findings we now have the potential to make a step change in how we manage blackleg. We will address knowledge gaps firstly by using Light Sheet and Confocal Laser Scanning microscopy, transparent soils and mesocosm studies to assess the role of FLN as vectors of Pba and how infection occurs. We will also examine how changes in standard irrigation regimes can help to reduce levels of blackleg in ware crops (where irrigation is often over-applied to avoid common scab disease that occurs in dry conditions), and how it might change FLN communities around potato root systems. Similarly, we will identify cover crops that limit natural Pba colonisation on their roots as a possible way to reduce Pba numbers in soil prior to planting potato. Little is known about the microbiome on potato roots and how these might be influenced to favour or reduce colonisation by Pba. We will therefore characterise the potato microbiome prior to and following irrigation using shotgun metagenomics sequencing and the latest bioinformatics tools, with a focus on the Pectobacteriaceae and wider Gamma-proteobacteria. We will also use GC-MS to examine how changes in root architecture and the constituents of root exudates influence the composition of these bacterial groups, to assess whether the use irrigation and cover crops alter the balance between beneficial and harmful bacteria associated with potato. Finally, we will determine whether novel antimicrobials (bacteriocins) in closely related non-pathogenic bacteria in the microbiome could act as a management option against Pba. Our recent modelling research using the Scottish Government's in-house potato inspections database (SPUDS), shows that blackleg incidence on a national scale does not occur randomly but in clusters. Reason(s) for this remain unclear but could be due to several things that, when identified, may assist growers in managing their crops, e.g. potato crop distribution, weather, soil type, soil moisture, leaf wetness, FLN distribution, crop type and rotation prior to planting. Using data generated from this project, an extensive array of data from other recent and historical investigations and the latest data from government and industry we will model, using innovative machine learning methods, at national scale these data to identify trends and drivers of Pba incidence in both space and time and, through this, produce predictive models to support development of a set of decision support tools for evaluation by stakeholders during the project and early adoption thereafter. Further, through scenario testing, we will quantify the predicted effects of climate change on future blackleg incidence in association with FLN presence thus providing the industry with robust and novel data to underpin sector resilience planning.;;;;;;;;;0;0;0;0;0;0;0;0;0;;;;BB/T010657/1;;;;;;;;;;;;2023-12-08;GRANTS:15332592;;
36;J;Sparks A. H., Forbes G., Garrett K. A.;;;;;;;;;;Adapting disease forecasting models to coarser scales: Global potato late blight prediction;;;;;;;;PHYTOPATHOLOGY;;;;99.0;6.0;;;S122;S123;;;;;;;;;;;Meeting Abstract;JUN 2009;2009;;;;;;Annual Meeting of the American-Phytopathology-SocietyAnnual Meeting of the American-Phytopathology-Society;AUG 01-05, 2009AUG 01-05, 2009;Amer Phytopathol SocAmer Phytopathol Soc;Portland, ORPortland, OR;0;0;0;0;0;0;0;0;7;0031-949X;;;;;;;;;;;;;;;2009-06-01;WOS:000266213300733;;
37;J;Breukers A, Hagenaars T, van der Werf W, Lansink AO;;;;van der Werf, Wopke/A-2557-2009 Oude Lansink, Alfons/H-8840-2012;van der Werf, Wopke/0000-0002-5506-4699 Oude Lansink, Alfons/0000-0002-9273-6044;;;;;Modelling of brown rot prevalence in the Dutch potato production chain over time: from state variable to individual-based models;;;;;;;;NONLINEAR ANALYSIS-REAL WORLD APPLICATIONS;;;;6.0;4.0;;;797;815;;;;10.1016/j.nonrwa.2004.12.006;;;;;;;Article Proceedings Paper;SEP 2005;2005;Brown rot (Ralstonia solanacearum) comprises a major threat to the Dutch potato production chain. Eradication of the disease has not been achieved thus far, due to insufficient knowledge of the relative importance of possible risk factors with respect to brown rot prevalence and dispersal in the potato production chain. To study the relationship between brown rot infections in potatoes and possible risk factors, we evaluated two epidemiological models, i.e. a compartmental state-variable model, and a spatial individual-based model (IBM). Our approaches differ from most existing ecological applications of the two modelling techniques in that they focus on disease epidemiology within the industrially defined dynamics of the brown rot pathogen in the potato production chain.The state-variable model proved useful for obtaining insight into the basic principles of brown rot dispersal. It showed that the dynamics of the fraction of infected seed lots in the total potato lot population forms the key to a general understanding of brown rot epidemics. However, this model was unable to reflect the large fluctuation in yearly number of infections that is inherent to brown rot epidemics. To give a more detailed and realistic representation of the fraction of infected seed lots, a conceptual IBM was developed. As in this IBM a specific location is assigned to each individual potato lot, it becomes straightforward to include spatial heterogeneities based on detailed data on the potato production sector. In contrast to the state-variable model, the IBM enables us to study the effects of specific brown rot control policies in spatially defined areas. Moreover, the inherent high level of detail makes the IBM a convenient technique for policy application. The IBM will be further developed and extended to a bio-economic model for application in brown rot control strategy analysis. (c) 2005 Elsevier Ltd. All rights reserved.;;;;;2nd Alcala International Conference on Mathematical Ecology (AICME2)2nd Alcala International Conference on Mathematical Ecology (AICME2);SEP 05-09, 2003SEP 05-09, 2003;;Univ Alcala, Madrid, SPAINUniv Alcala, Madrid, SPAIN;5;0;0;0;3;0;5;0;7;1468-1218;;;;;;;;;;;;;;;2005-09-01;WOS:000230208900013;;
38;J;Bonyah Ebenezer;;;;Bonyah, Ebenezer/ABE-2160-2020;Bonyah, Ebenezer/0000-0003-0808-4504;;;;;A FRACTIONAL DYNAMICS OF A POTATO DISEASE MODEL;;;;;;;;COMMUNICATIONS IN MATHEMATICAL BIOLOGY AND NEUROSCIENCE;;;;;;;;;;88;;;10.28919/cmbn/7599;;;;;;;Article;2022;2022;Globally, potato is one of the staple foods eaten by a lot of people. It processed into different kinds of food for mankind. Climate change has brought a lot of changes with respect to the output of global food stock due to problems such as drought, diseases, etc. In this study, a potato disease model is formulated in a fractional-order derivative with the nonlocal and nonsingular operator (AB). The reproduction number of the potato model and the steady states are determined. The existence and uniqueness of solutions are established using the Banach space approach, and Hyers-Ulam stability is carried out to determine if the existence and uniqueness solution is stable. A numerical simulation is carried out with and without stochastic components, which indicates a similar result. However, the stochastic aspect depicts a random effect. It is established that the fractional-order derivative has effect on the dynamics of the potato disease.;;;;;;;;;1;0;0;0;0;0;1;0;0;2052-2541;;;;;;;;;;;;;;;2022-01-01;WOS:001203489900034;;
39;B;Sparks Adam Henry;;;;;;;;;;Disease risk mapping with metamodels for coarse resolution predictors: Global potato late blight risk now and under future climate conditions;;;;;;;;;;;;;;;;;;;;;;;;;;;;Dissertation/Thesis;Jan 01 2009;2009;;;;;;;;;;0;0;0;0;0;0;0;2;2;;;978-1-109-56944-5;;;;;;;;;;;;;;PQDT:63948953;;
40;J;Van Bruggen A. H. C., Shakya S. K., Khandan H. A. Narouei, Andrade-Piedra J. L., Goss E. M., Dufault N. S.;;;;Narouei-Khandan, Hossein/ABD-8745-2021;Andrade-Piedra, Jorge/0000-0001-7617-0506;;;;;A new mechanistic model to simulate effects of diurnal temperature oscillations on potato late blight development;;;;;;;;PHYTOPATHOLOGY;;;;105.0;11.0;;;141;141;;;;;;;;;;4.0;Meeting Abstract;NOV 2015;2015;;;;;;;;;;0;0;0;0;0;0;0;0;1;0031-949X;1943-7684;;;;;;;;;;;;;;2015-11-01;WOS:000478013600787;;
41;J;Bourgeois G, Bourque A, Deaudelin G;;;;;;;;;;Modelling the impact of climate change on disease incidence: a bioclimatic challenge;;;;;;;;CANADIAN JOURNAL OF PLANT PATHOLOGY-REVUE CANADIENNE DE PHYTOPATHOLOGIE;;;;26.0;3.0;;;284;290;;;;;;;;;;;Article Proceedings Paper;JUL-SEP 2004;2004;The potential impact of climate change on disease development was evaluated using mathematical modelling. Disease forecasting systems for late blight of potato [Phytophthora infestans], apple scab [Venturia inaequalis], and cercospora blight of carrot [Cercospora carotae] were selected to evaluate their relevance in predicting future events related to climate change. In general, if these models are to be valid for such predictions, they must predict adequately actual field observations. Many of the forecasting systems developed a few years ago are in need of updating. Disease forecasting systems using nonlinear responses to temperature and leaf wetness offer more potential to represent the impact of climate change and variability on disease epidemiology.;;;;;Annual Meeting of the Canadian-Phytopathological-SocietyAnnual Meeting of the Canadian-Phytopathological-Society;JUN, 2003JUN, 2003;Canadian Phytopathol SocCanadian Phytopathol Soc;MONTREAL, CANADAMONTREAL, CANADA;14;0;0;0;12;1;19;0;29;0706-0661;;;;;;;;;;;;;;;2004-07-01;WOS:000224787800006;;
42;J;Jeger Mike, Hamelin Fred, Cunniffe Nik;;;;;Jeger, Michael/0000-0003-2734-8122 Cunniffe, Nik/0000-0002-3533-8672;;;;;Emerging Themes and Approaches in Plant Virus Epidemiology;;;;;;;;PHYTOPATHOLOGY;;;;113.0;9.0;;;1630;1646;;;;10.1094/PHYTO-10-22-0378-V;;;;;JAN 2023;;Article;SEP 2023;2023;Plant diseases caused by viruses share many common features with those caused by other pathogen taxa in terms of the host-pathogen interaction, but there are also distinctive features in epidemiology, most apparent where transmission is by vectors. Consequently, the host-virus-vector-environment interaction presents a continuing challenge in attempts to understand and predict the course of plant virus epidemics. Theoretical concepts, based on the underlying biology, can be expressed in mathematical models and tested through quantitative assessments of epidemics in the field this remains a goal in understanding why plant virus epidemics occur and how they can be controlled. To this end, this review identifies recent emerging themes and approaches to fill in knowledge gaps in plant virus epidemiology. We review quantitative work on the impact of climatic fluctuations and change on plants, viruses, and vectors under different scenarios where impacts on the individual components of the plant-virus-vector interaction may vary disproportionately there is a continuing, sometimes discordant, debate on host resistance and tolerance as plant defense mechanisms, including aspects of farmer behavior and attitudes toward disease management that may affect deployment in crops disentangling host-virus-vector-environment interactions, as these contribute to temporal and spatial disease progress in field populations computational techniques for estimating epidemiological parameters from field observations and the use of optimal control analysis to assess disease control options. We end by proposing new challenges and questions in plant virus epidemiology.;;;;;;;;;3;0;0;0;2;0;3;4;22;0031-949X;1943-7684;;;;;;;;;;;;;;2023-11-17;WOS:001092948600001;36647183.0;
43;B;Small Ian M.;;;;;;;;;;Integration of epidemiological information into a decision support system for late blight;;;;;;;;;;;;;;;;;;;;;;;;;;;;Dissertation/Thesis;Jan 01 2016;2016;;;;;;;;;;0;0;0;0;0;0;0;0;0;;;978-1-369-31980-4;;;;;;;;;;;;;;PQDT:48413714;;
44;B;HOLLEY JAMES D.;;;;;;;;;;THE EPIDEMIOLOGY AND CONTROL OF EARLY BLIGHT ON POTATO;;;;;;;;;;;;;;;;;;;;;;;;;;;;Dissertation/Thesis;Jan 01 1984;1984;;;;;;;;;;0;0;0;0;0;0;0;0;0;;;978-0-315-17708-6;;;;;;;;;;;;;;PQDT:65648638;;
45;B;Baker Kathleen Marie;;;;;;;;;;Spatial and temporal modeling for risk assessment and management of potato late blight (Phytophthora infestans) in Michigan;;;;;;;;;;;;;;;;;;;;;;;;;;;;Dissertation/Thesis;Jan 01 2002;2002;;;;;;;;;;0;0;0;0;0;0;0;0;0;;;978-0-493-68632-5;;;;;;;;;;;;;;PQDT:58405024;;
46;J;Suwandharathne Nimali I., Holwell Gregory I., Avila Gonzalo A.;;;; AVILA, GONZALO/AAX-7712-2020;Suwandharathne, Nimali/0000-0003-2877-270X AVILA, GONZALO/0000-0002-5584-453X;;;;;Current and future potential geographical distribution of Bactericera cockerelli: An invasive pest of increasing global importance;;;;;;;;AUSTRAL ENTOMOLOGY;;;;62.0;4.0;;;488;502;;;;10.1111/aen.12664;;;;;AUG 2023;;Article;NOV 2023;2023;Due to ongoing climate change and the spread of invasive pests, understanding and predicting climatic suitability for invasive insect species has shown growing demand from government and industry biosecurity managers. The invasive pest Bactericera cockerelli, (Sulc) (Hemiptera: Triozidae), commonly known as tomato potato psyllid (TPP), is native to North America and has recently invaded Australasia. TPP is also the vector of the bacterial plant pathogen Candidatus Liberibacter solanacearum (CLso), which has caused severe economic losses for potato growers worldwide. We used the niche modelling software CLIMEX to predict the potential geographical distribution of TPP in Australasia and worldwide under current and future climatic scenarios. Our model prediction of the current climate conditions closely agrees with all the known distributions of TPP. In its native range (North America), TPP is predicted to expand its current geographical range in semi-arid, temperate, and continental climates. Within Australia, along with the known occurrence of TPP in Western Australia, potential expansion into South Australia, Victoria, New South Wales and Queensland is predicted. The predicted distribution closely matches all the known records with higher climatic suitability in New Zealand. Globally, the model projected that the pest-free countries in Europe and East Asia are climatically more suitable for TPP. Predictions under the future climate change scenarios (A1B, CSIRO Mk 3.0 for 2090) showed a significant reduction of the known geographical range of TPP with a possible expansion towards higher latitudes. Areas in North America and Australia are projected to be less climatically suitable for the survival of TPP in future climates. However, our model suggested that Europe and New Zealand will remain unchanged or will become more favourable in the future. These CLIMEX projections for current and future climatic distribution provide valuable information for existing and future biosecurity preparedness and management programmes, which may prove helpful in risk assessments and identifying potential areas that are likely to be susceptible to a TPP invasion.;;;;;;;;;0;0;0;0;0;0;0;7;17;2052-1758;2052-174X;;;;;;;;;;;;;;2023-08-22;WOS:001044468000001;;
47;J;Pridannikov M. V., Zinovieva S. V., Khudyakova E. A., Limantseva L. A., Osipov F. A., Dergunova N. N., Petrosyan V. G.;;;;Petrosyan, Varos/F-9681-2013 Осипов, Фёдор/JXM-9337-2024 Pridannikov, Mikhail/B-9644-2014 Seiml-Buchinger, Victoria/M-8099-2013;;;;;;Range Dynamics of Potato Cyst Nematode Globodera rostochiensis (Wollenweber, 1923) (Nematoda, Heteroderidae) under Conditions of Global Climate Change in Russia;;;;;;;;RUSSIAN JOURNAL OF BIOLOGICAL INVASIONS;;;;13.0;4.0;;;510;529;;;;10.1134/S2075111722040099;;;;;;;Article;DEC 2022;2022;Globodera rostochiensis is one of the 100 most dangerous invasive species in Russia, causing significant damage to agriculture. In Russia, this nematode was first found in Kaliningrad oblast in 1949. Ensemble modeling (ESDM) was used in this study to predict the potential distribution of G. rostochiensis in Russia, and we found that there would be a tendency with changes in global climate and land use in the future to expand the range in two directions: from the south to the north and from the west to the east. The history of the distribution of the species on the territory of Russia and the current and potential ranges of the species from 2020 to 2100 with a step of 20 years in the implementation of various models and scenarios of climate change and land use are presented. Information on the native range, features of the biology, features of host plant damage and injuriousness of G. rostochiensis, methods of identification of pathotypes, invasion vectors, and control measures are shown. The predicted ranges of the species are important for the development of measures to minimize future invasion of G. rostochiensis and its negative consequences.;;;;;;;;;4;1;0;0;4;0;5;1;8;2075-1117;2075-1125;;;;;;;;;;;;;;2023-02-10;WOS:000911494100011;;
